,subject_code,period,seq,conector,lparen,test_code,test_score,prerequisite_subject_code,grade,score,rparen,prerequsite_type,origen
0,FADT2668,202620,0,,(,,0.0,,,,,malla,FADT2668
1,FADT2668,202620,1,,(,,0.0,FADT1160,,6.0,,malla,FADT2668
2,FADT2668,202620,2,O,,A161,6.0,,,,),malla,FADT2668
3,FADT2668,202620,3,Y,(,,0.0,FADR1116,,6.0,,malla,FADT2668
4,FADT2668,202620,4,O,,A162,6.0,,,,),malla,FADT2668
5,FADT2668,202620,5,,,,0.0,,,,),malla,FADT2668
6,FADT2668,202620,6,O,(,,0.0,,,,,malla,FADT2668
7,FADT2668,202620,7,,(,,0.0,FADT1170,,6.0,,malla,FADT2668
8,FADT2668,202620,8,O,,A161,6.0,,,,),malla,FADT2668
9,FADT2668,202620,9,Y,(,,0.0,ARQS0001,,6.0,,malla,FADT2668
10,FADT2668,202620,10,O,,A483,6.0,,,,),malla,FADT2668
11,FADT2668,202620,11,,,,0.0,,,,),malla,FADT2668
0,ARQU0001,202620,1,,,,0.0,ARQS0001,Pregrado,6.0,,malla,ARQU0001
1,ARQU0001,202620,2,O,,A483,6.0,,,,,malla,ARQU0001
0,AQTT2666,202620,1,,(,,0.0,AQTT2665,Pregrado,6.0,,malla,AQTT2666
1,AQTT2666,202620,2,Y,,,0.0,ARQU0013,Pregrado,6.0,,malla,AQTT2666
2,AQTT2666,202620,3,Y,,,0.0,ARQU0007,Pregrado,6.0,),malla,AQTT2666
3,AQTT2666,202620,4,O,(,,0.0,AQTT2665,Pregrado,6.0,,malla,AQTT2666
4,AQTT2666,202620,5,Y,,,0.0,AQTC3805,Pregrado,6.0,),malla,AQTT2666
5,AQTT2666,202620,6,Y,(,,0.0,INGZ0333,Pregrado,6.0,,malla,AQTT2666
6,AQTT2666,202620,7,O,,ENGC,4.0,,,,,malla,AQTT2666
7,AQTT2666,202620,8,O,,ENG,5.0,,,,),malla,AQTT2666
0,ARQU0017,202620,1,,(,,0.0,AQTH4106,Pregrado,6.0,,malla,ARQU0017
1,ARQU0017,202620,2,O,,A236,6.0,,,,),malla,ARQU0017
2,ARQU0017,202620,3,Y,,,0.0,AQTT2665,Pregrado,6.0,,malla,ARQU0017
0,ARQU0019,202620,1,,,,0.0,AQTU3210,Pregrado,6.0,,malla,ARQU0019
1,ARQU0019,202620,2,Y,(,,0.0,ARQU0009,Pregrado,6.0,,malla,ARQU0019
2,ARQU0019,202620,3,O,,,0.0,ARQU0010,Pregrado,6.0,,malla,ARQU0019
3,ARQU0019,202620,4,O,,,0.0,ARQU0011,Pregrado,6.0,),malla,ARQU0019
0,AQTT3688,202620,1,,(,,0.0,AQTT3678,Pregrado,6.0,,malla,AQTT3688
1,AQTT3688,202620,2,Y,,,0.0,AQTC4806,Pregrado,6.0,),malla,AQTT3688
2,AQTT3688,202620,3,O,(,,0.0,AQTT3678,Pregrado,6.0,,malla,AQTT3688
3,AQTT3688,202620,4,Y,,,0.0,ARQS0009,Pregrado,6.0,),malla,AQTT3688
4,AQTT3688,202620,8,O,(,,0.0,AQTT3678,Pregrado,6.0,,malla,AQTT3688
5,AQTT3688,202620,9,Y,,,0.0,ARQU0016,Pregrado,6.0,,malla,AQTT3688
6,AQTT3688,202620,10,Y,,,0.0,ARQU0019,Pregrado,6.0,),malla,AQTT3688
0,ARQU0022,202620,1,,,,0.0,AQTT4678,Pregrado,6.0,,malla,ARQU0022
1,ARQU0022,202620,2,Y,,,0.0,ARQU0016,Pregrado,6.0,,malla,ARQU0022
0,AQTH1103,202620,1,,(,,0.0,FADT2668,Pregrado,6.0,,malla,AQTH1103
1,AQTH1103,202620,2,O,,A163,6.0,,,,),malla,AQTH1103
2,AQTH1103,202620,3,Y,,,0.0,ARQU0003,Pregrado,6.0,,malla,AQTH1103
0,AQTU2208,202620,1,,(,,0.0,AQTU3210,Pregrado,6.0,,malla,AQTU2208
1,AQTU2208,202620,2,Y,,,0.0,AQTT3678,Pregrado,6.0,,malla,AQTU2208
2,AQTU2208,202620,3,Y,,,0.0,ARQU0019,Pregrado,6.0,),malla,AQTU2208
0,AQTT4678,202620,1,,,,0.0,AQTT3688,Pregrado,6.0,,malla,AQTT4678
1,AQTT4678,202620,2,Y,,,0.0,AQTU2208,Pregrado,6.0,,malla,AQTT4678
2,AQTT4678,202620,3,Y,,,0.0,ARQU0020,Pregrado,6.0,,malla,AQTT4678
0,MVET3139,202620,1,,,,0.0,MVET3127,Pregrado,6.0,,malla,MVET3139
1,MVET3139,202620,2,Y,,,0.0,MVET2118,Pregrado,6.0,,malla,MVET3139
0,PSIZ9012,202620,1,,,,0.0,PSIC8009,Pregrado,6.0,,malla,PSIZ9012
0,PSIZ9017,202620,1,,,,0.0,PSIC3801,Pregrado,6.0,,malla,PSIZ9017
1,PSIZ9017,202620,2,O,(,,0.0,,,,,malla,PSIZ9017
2,PSIZ9017,202620,3,,(,,0.0,PSIC2801,Pregrado,6.0,,malla,PSIZ9017
3,PSIZ9017,202620,4,Y,,,0.0,PSIZ9009,Pregrado,6.0,),malla,PSIZ9017
4,PSIZ9017,202620,5,O,(,,0.0,PSIZ9008,Pregrado,6.0,,malla,PSIZ9017
5,PSIZ9017,202620,6,Y,,,0.0,PSIZ9010,Pregrado,6.0,),malla,PSIZ9017
6,PSIZ9017,202620,7,,,,0.0,,,,),malla,PSIZ9017
0,PSIZ9020,202620,1,,,,0.0,PSIZ9006,Pregrado,6.0,,malla,PSIZ9020
0,ECOZ2810,202620,1,,(,,0.0,,,,,malla,ECOZ2810
1,ECOZ2810,202620,2,,(,,0.0,ECOZ1155,Pregrado,6.0,,malla,ECOZ2810
2,ECOZ2810,202620,3,O,,A173,6.0,,,,),malla,ECOZ2810
3,ECOZ2810,202620,4,Y,(,,0.0,ECOZ1254,Pregrado,6.0,,malla,ECOZ2810
4,ECOZ2810,202620,5,O,,A172,6.0,,,,),malla,ECOZ2810
5,ECOZ2810,202620,6,,,,0.0,,,,),malla,ECOZ2810
0,MKTZ3411,202620,1,,(,,0.0,MKTZ2535,Pregrado,6.0,,malla,MKTZ3411
1,MKTZ3411,202620,2,O,,A211,6.0,,,,),malla,MKTZ3411
2,MKTZ3411,202620,3,O,,,0.0,MKTZ3244,Pregrado,6.0,,malla,MKTZ3411
0,MKTZ3243,202620,1,,(,,0.0,,,,,malla,MKTZ3243
1,MKTZ3243,202620,2,,(,,0.0,GDEZ2202,Pregrado,6.0,,malla,MKTZ3243
2,MKTZ3243,202620,3,O,,A197,6.0,,,,),malla,MKTZ3243
3,MKTZ3243,202620,4,Y,,,0.0,ISWZ1193,Pregrado,6.0,),malla,MKTZ3243
4,MKTZ3243,202620,5,O,,,0.0,MKTZ3244,Pregrado,6.0,,malla,MKTZ3243
0,MGTZ2288,202620,1,,(,,0.0,MGTZ3102,Pregrado,6.0,,malla,MGTZ2288
1,MGTZ2288,202620,2,O,,A166,6.0,,,,),malla,MGTZ2288
2,MGTZ2288,202620,3,O,,,0.0,ADMD0028,Pregrado,6.0,,malla,MGTZ2288
0,EHTZ3479,202620,1,,(,,0.0,INGZ0444,Pregrado,6.0,,malla,EHTZ3479
1,EHTZ3479,202620,2,O,,ENGC,4.0,,,,,malla,EHTZ3479
2,EHTZ3479,202620,3,O,,ENG,6.0,,,,),malla,EHTZ3479
3,EHTZ3479,202620,4,Y,(,,0.0,NEGZ3808,Pregrado,6.0,,malla,EHTZ3479
4,EHTZ3479,202620,5,O,,,0.0,HOSZ4492,Pregrado,6.0,,malla,EHTZ3479
5,EHTZ3479,202620,6,O,,,0.0,GDEZ3910,Pregrado,6.0,,malla,EHTZ3479
6,EHTZ3479,202620,7,O,,,0.0,NEDI0003,Pregrado,6.0,),malla,EHTZ3479
0,MKTZ2901,202620,1,,,,0.0,MKTZ3230,Pregrado,6.0,,malla,MKTZ2901
1,MKTZ2901,202620,2,O,,,0.0,MKTZ2240,Pregrado,6.0,,malla,MKTZ2901
0,MKTZ2406,202620,1,,,,0.0,HOSZ4491,Pregrado,6.0,,malla,MKTZ2406
1,MKTZ2406,202620,2,O,,,0.0,MKTZ3244,Pregrado,6.0,,malla,MKTZ2406
0,MKTZ2905,202620,1,,,,0.0,MKTZ3244,Pregrado,6.0,,malla,MKTZ2905
0,MKTZ4425,202620,1,,,,0.0,MKTZ2240,Pregrado,6.0,,malla,MKTZ4425
0,MKTZ3241,202620,1,,,,0.0,MKTZ2240,Pregrado,6.0,,malla,MKTZ3241
0,ECOZ2160,202320,1,,(,,0.0,ECOZ2191,Pregrado,6.0,,malla,ECOZ2160
1,ECOZ2160,202320,2,O,,A176,6.0,,,,),malla,ECOZ2160
2,ECOZ2160,202320,3,O,,,0.0,ECOZ3923,Pregrado,6.0,,malla,ECOZ2160
0,ECOZ2158,,1,,,,0.0,ECOZ2191,Pregrado,6.0,,malla,
1,ECOZ2158,,2,O,,A176,6.0,,,,,malla,
0,ECOZ2158,,3,O,(,,,,,,,homologacion,
1,ECOZ2158,,4,,(,,0.0,ECOZ2191,Pregrado,6.0,,homologacion,ECOZ2160
2,ECOZ2158,,5,O,,A176,6.0,,,,),homologacion,ECOZ2160
3,ECOZ2158,,6,O,,,0.0,ECOZ3923,Pregrado,6.0,,homologacion,ECOZ2160
4,ECOZ2158,,7,,,,,,,,),homologacion,
0,ECOZ3361,202320,1,,(,,,ECOZ2191,Pregrado,6.0,,malla,ECOZ3361
1,ECOZ3361,202320,2,O,,A176,6.0,,,,),malla,ECOZ3361
2,ECOZ3361,202320,6,O,,,0.0,ECOZ3923,Pregrado,6.0,,malla,ECOZ3361
0,GDEZ3905,202620,1,,,,0.0,GDEZ3914,Pregrado,6.0,,malla,GDEZ3905
1,GDEZ3905,202620,2,O,,,0.0,MKTZ2240,Pregrado,6.0,,malla,GDEZ3905
0,IUSZ1110,202620,1,,,,0.0,IUSZ1001,Pregrado,6.0,,malla,IUSZ1110
1,IUSZ1110,202620,2,Y,,,0.0,IUSZ1002,Pregrado,6.0,,malla,IUSZ1110
2,IUSZ1110,202620,3,Y,(,,0.0,INGZ0001,Pregrado,6.0,,malla,IUSZ1110
3,IUSZ1110,202620,4,O,,ENG,0.0,,,,),malla,IUSZ1110
0,PSIZ9004,202620,1,,,,0.0,PSIZ1220,Pregrado,6.0,,malla,PSIZ9004
1,PSIZ9004,202620,2,O,,A073,6.0,,,,,malla,PSIZ9004
2,PSIZ9004,202620,3,O,,A447,6.0,,,,,malla,PSIZ9004
0,DMDZ2322,202620,1,,(,,0.0,,,,,malla,DMDZ2322
1,DMDZ2322,202620,2,,(,,0.0,DMDZ2313,Pregrado,6.0,,malla,DMDZ2322
2,DMDZ2322,202620,6,O,,E103,6.0,,,,),malla,DMDZ2322
3,DMDZ2322,202620,7,Y,(,,0.0,DMDZ2321,Pregrado,6.0,,malla,DMDZ2322
4,DMDZ2322,202620,11,O,,A201,6.0,,,,),malla,DMDZ2322
5,DMDZ2322,202620,12,,,,0.0,,,,),malla,DMDZ2322
0,CBOZ2210,202220,1,,,,0.0,CBMZ1030,Pregrado,6.0,,malla,
1,CBOZ2210,202220,2,O,(,,0.0,,,,,homologacion,
2,CBOZ2210,202220,3,,(,,0.0,DMDZ2313,Pregrado,6.0,,homologacion,
3,CBOZ2210,202220,4,O,,E103,6.0,,,,),homologacion,
4,CBOZ2210,202220,5,Y,(,,0.0,DMDZ2321,Pregrado,6.0,,homologacion,
5,CBOZ2210,202220,6,O,,A201,6.0,,,,),homologacion,
6,CBOZ2210,202220,7,,,,0.0,,,,),homologacion,
0,CBOZ2210,202220,8,O,(,,,,,,,homologacion,
1,CBOZ2210,202220,9,,(,,0.0,,,,,homologacion,DMDZ2322
2,CBOZ2210,202220,10,,(,,0.0,DMDZ2313,Pregrado,6.0,,homologacion,DMDZ2322
3,CBOZ2210,202220,11,O,,E103,6.0,,,,),homologacion,DMDZ2322
4,CBOZ2210,202220,12,Y,(,,0.0,DMDZ2321,Pregrado,6.0,,homologacion,DMDZ2322
5,CBOZ2210,202220,13,O,,A201,6.0,,,,),homologacion,DMDZ2322
6,CBOZ2210,202220,14,,,,0.0,,,,),homologacion,DMDZ2322
7,CBOZ2210,202220,15,,,,,,,,),homologacion,
0,MEDZ3245,202310,1,,(,,0.0,MEDZ2124,Pregrado,6.0,,malla,
1,MEDZ3245,202310,2,O,,A044,6.0,,,,),malla,
2,MEDZ3245,202310,3,O,(,,0.0,CBMZ2060,Pregrado,6.0,,homologacion,
3,MEDZ3245,202310,4,Y,,,0.0,CBMZ2050,Pregrado,6.0,,homologacion,
4,MEDZ3245,202310,5,,,,0.0,,,,),homologacion,
5,MEDZ3245,202310,6,O,(,,0.0,CBMZ2061,Pregrado,6.0,,homologacion,
6,MEDZ3245,202310,7,Y,,,0.0,CBMZ2050,Pregrado,6.0,,homologacion,
7,MEDZ3245,202310,8,,,,0.0,,,,),homologacion,
8,MEDZ3245,202310,9,O,,,0.0,CBMZ1030,Pregrado,6.0,,homologacion,
9,MEDZ3245,202310,10,O,(,,0.0,,,,,homologacion,
10,MEDZ3245,202310,11,,(,,0.0,DMDZ2313,Pregrado,6.0,,homologacion,
11,MEDZ3245,202310,12,O,,E103,6.0,,,,),homologacion,
12,MEDZ3245,202310,13,Y,(,,0.0,DMDZ2321,Pregrado,6.0,,homologacion,
13,MEDZ3245,202310,14,O,,A201,6.0,,,,),homologacion,
14,MEDZ3245,202310,15,,,,0.0,,,,),homologacion,
15,MEDZ3245,202310,16,O,(,,0.0,MEDZ2131,Pregrado,6.0,,homologacion,
16,MEDZ3245,202310,17,Y,,,0.0,MEDZ2233,Pregrado,6.0,,homologacion,
17,MEDZ3245,202310,18,,,,0.0,,,,),homologacion,
0,MEDZ3245,202310,19,O,(,,,,,,,homologacion,
1,MEDZ3245,202310,20,,(,,0.0,,,,,homologacion,DMDZ2322
2,MEDZ3245,202310,21,,(,,0.0,DMDZ2313,Pregrado,6.0,,homologacion,DMDZ2322
3,MEDZ3245,202310,22,O,,E103,6.0,,,,),homologacion,DMDZ2322
4,MEDZ3245,202310,23,Y,(,,0.0,DMDZ2321,Pregrado,6.0,,homologacion,DMDZ2322
5,MEDZ3245,202310,24,O,,A201,6.0,,,,),homologacion,DMDZ2322
6,MEDZ3245,202310,25,,,,0.0,,,,),homologacion,DMDZ2322
7,MEDZ3245,202310,26,,,,,,,,),homologacion,
0,MEDZ3243,,1,,,,0.0,MEDZ2131,Pregrado,6.0,,malla,
1,MEDZ3243,,2,Y,,,0.0,MEDZ2233,Pregrado,6.0,,malla,
2,MEDZ3243,,3,O,(,,0.0,CBMZ2060,Pregrado,6.0,,homologacion,
3,MEDZ3243,,4,Y,,,0.0,CBMZ2050,Pregrado,6.0,,homologacion,
4,MEDZ3243,,5,,,,0.0,,,,),homologacion,
5,MEDZ3243,,6,O,(,,0.0,CBMZ2061,Pregrado,6.0,,homologacion,
6,MEDZ3243,,7,Y,,,0.0,CBMZ2050,Pregrado,6.0,,homologacion,
7,MEDZ3243,,8,,,,0.0,,,,),homologacion,
8,MEDZ3243,,9,O,(,,0.0,CBMZ1030,Pregrado,6.0,,homologacion,
9,MEDZ3243,,10,,,,0.0,,,,),homologacion,
10,MEDZ3243,,11,O,(,,0.0,,,,,homologacion,
11,MEDZ3243,,12,,(,,0.0,DMDZ2313,Pregrado,6.0,,homologacion,
12,MEDZ3243,,13,O,,E103,6.0,,,,),homologacion,
13,MEDZ3243,,14,Y,(,,0.0,DMDZ2321,Pregrado,6.0,,homologacion,
14,MEDZ3243,,15,O,,A201,6.0,,,,),homologacion,
15,MEDZ3243,,16,,,,0.0,,,,),homologacion,
16,MEDZ3243,,17,O,(,,0.0,,,,,homologacion,
17,MEDZ3243,,18,,(,,0.0,MEDZ2124,Pregrado,6.0,,homologacion,
18,MEDZ3243,,19,O,,A044,6.0,,,,),homologacion,
19,MEDZ3243,,20,,,,0.0,,,,),homologacion,
0,MEDZ3243,,21,O,(,,,,,,,homologacion,
1,MEDZ3243,,22,,(,,0.0,,,,,homologacion,DMDZ2322
2,MEDZ3243,,23,,(,,0.0,DMDZ2313,Pregrado,6.0,,homologacion,DMDZ2322
3,MEDZ3243,,24,O,,E103,6.0,,,,),homologacion,DMDZ2322
4,MEDZ3243,,25,Y,(,,0.0,DMDZ2321,Pregrado,6.0,,homologacion,DMDZ2322
5,MEDZ3243,,26,O,,A201,6.0,,,,),homologacion,DMDZ2322
6,MEDZ3243,,27,,,,0.0,,,,),homologacion,DMDZ2322
7,MEDZ3243,,28,,,,,,,,),homologacion,
0,MEDZ4385,202620,1,,(,,,MEDZ4379,,6.0,,malla,
1,MEDZ4385,202620,2,O,,A355,6.0,,,,),malla,
2,MEDZ4385,202620,3,Y,(,,,MEDZ4381,,6.0,,malla,
3,MEDZ4385,202620,4,O,,A357,6.0,,,,),malla,
4,MEDZ4385,202620,5,Y,(,,,MEDZ4380,,6.0,,malla,
5,MEDZ4385,202620,6,O,,A356,6.0,,,,),malla,
6,MEDZ4385,202620,7,Y,(,,,MEDZ4383,,6.0,,malla,
7,MEDZ4385,202620,8,O,,A359,6.0,,,,),malla,
0,MEDZ4385,202620,9,O,(,,,,,,,homologacion,
1,MEDZ4385,202620,10,,(,,0.0,,,,,homologacion,DMDZ2322
2,MEDZ4385,202620,11,,(,,0.0,DMDZ2313,Pregrado,6.0,,homologacion,DMDZ2322
3,MEDZ4385,202620,12,O,,E103,6.0,,,,),homologacion,DMDZ2322
4,MEDZ4385,202620,13,Y,(,,0.0,DMDZ2321,Pregrado,6.0,,homologacion,DMDZ2322
5,MEDZ4385,202620,14,O,,A201,6.0,,,,),homologacion,DMDZ2322
6,MEDZ4385,202620,15,,,,0.0,,,,),homologacion,DMDZ2322
7,MEDZ4385,202620,16,,,,,,,,),homologacion,
0,MEDZ4390,202620,1,,(,,,MEDZ4385,,6.0,,malla,
1,MEDZ4390,202620,2,O,,A361,6.0,,,,),malla,
2,MEDZ4390,202620,3,Y,(,,,MEDZ4388,,6.0,,malla,
3,MEDZ4390,202620,4,O,,A364,6.0,,,,),malla,
4,MEDZ4390,202620,5,Y,(,,,MEDZ4386,,6.0,,malla,
5,MEDZ4390,202620,6,O,,A362,6.0,,,,),malla,
6,MEDZ4390,202620,7,Y,(,,,MEDZ4387,,6.0,,malla,
7,MEDZ4390,202620,8,O,,A363,6.0,,,,),malla,
8,MEDZ4390,202620,9,Y,(,,,MEDZ4384,,6.0,,malla,
9,MEDZ4390,202620,10,O,,A360,6.0,,,,),malla,
0,MEDZ4390,202620,11,O,(,,,,,,,homologacion,
1,MEDZ4390,202620,12,,(,,0.0,,,,,homologacion,DMDZ2322
2,MEDZ4390,202620,13,,(,,0.0,DMDZ2313,Pregrado,6.0,,homologacion,DMDZ2322
3,MEDZ4390,202620,14,O,,E103,6.0,,,,),homologacion,DMDZ2322
4,MEDZ4390,202620,15,Y,(,,0.0,DMDZ2321,Pregrado,6.0,,homologacion,DMDZ2322
5,MEDZ4390,202620,16,O,,A201,6.0,,,,),homologacion,DMDZ2322
6,MEDZ4390,202620,17,,,,0.0,,,,),homologacion,DMDZ2322
7,MEDZ4390,202620,18,,,,,,,,),homologacion,
0,DMDZ2324,202620,1,,(,,0.0,,,,,malla,DMDZ2324
1,DMDZ2324,202620,2,,(,,0.0,DMDZ2321,Pregrado,6.0,,malla,DMDZ2324
2,DMDZ2324,202620,3,O,,,0.0,MEDZ2232,Pregrado,6.0,,malla,DMDZ2324
3,DMDZ2324,202620,4,O,,,0.0,MEDZ2234,Pregrado,6.0,,malla,DMDZ2324
4,DMDZ2324,202620,5,O,,,0.0,MEDZ4380,Pregrado,6.0,,malla,DMDZ2324
5,DMDZ2324,202620,6,O,,A201,6.0,,,,),malla,DMDZ2324
6,DMDZ2324,202620,7,Y,(,,0.0,DMDZ2313,Pregrado,6.0,,malla,DMDZ2324
7,DMDZ2324,202620,11,O,,E103,6.0,,,,),malla,DMDZ2324
0,CBOZ2150,202220,1,,,,0.0,CBOZ1020,Pregrado,6.0,,malla,
0,CBOZ2150,202220,2,O,(,,,,,,,homologacion,
1,CBOZ2150,202220,3,,(,,0.0,,,,,homologacion,DMDZ2324
2,CBOZ2150,202220,4,,(,,0.0,DMDZ2321,Pregrado,6.0,,homologacion,DMDZ2324
3,CBOZ2150,202220,5,O,,,0.0,MEDZ2232,Pregrado,6.0,,homologacion,DMDZ2324
4,CBOZ2150,202220,6,O,,,0.0,MEDZ2234,Pregrado,6.0,,homologacion,DMDZ2324
5,CBOZ2150,202220,7,O,,,0.0,MEDZ4380,Pregrado,6.0,,homologacion,DMDZ2324
6,CBOZ2150,202220,8,O,,A201,6.0,,,,),homologacion,DMDZ2324
7,CBOZ2150,202220,9,Y,(,,0.0,DMDZ2313,Pregrado,6.0,,homologacion,DMDZ2324
8,CBOZ2150,202220,10,O,,E103,6.0,,,,),homologacion,DMDZ2324
9,CBOZ2150,202220,11,,,,,,,,),homologacion,
0,DMDZ2326,202620,1,,(,,0.0,,,,,malla,DMDZ2326
1,DMDZ2326,202620,2,,(,,0.0,DMDZ2321,Pregrado,6.0,,malla,DMDZ2326
2,DMDZ2326,202620,6,O,,A201,6.0,,,,),malla,DMDZ2326
3,DMDZ2326,202620,7,Y,(,,0.0,DMDZ2313,Pregrado,6.0,,malla,DMDZ2326
4,DMDZ2326,202620,11,O,,E103,6.0,,,,),malla,DMDZ2326
0,DMDZ2325,,1,,(,,0.0,DMDZ2321,Pregrado,6.0,,malla,
1,DMDZ2325,,2,O,,A201,6.0,,,,),malla,
2,DMDZ2325,,3,Y,(,,0.0,DMDZ2313,Pregrado,6.0,,malla,
3,DMDZ2325,,4,O,,E103,6.0,,,,),malla,
4,DMDZ2325,,5,O,(,,0.0,CBMZ1030,Pregrado,6.0,,homologacion,
5,DMDZ2325,,6,,,,0.0,,,,),homologacion,
6,DMDZ2325,,7,O,(,,0.0,,,,,homologacion,
7,DMDZ2325,,8,,(,,0.0,DMDZ2321,Pregrado,6.0,,homologacion,
8,DMDZ2325,,9,O,,A201,6.0,,,,),homologacion,
9,DMDZ2325,,10,Y,(,,0.0,DMDZ2313,Pregrado,6.0,,homologacion,
10,DMDZ2325,,11,O,,E103,6.0,,,,),homologacion,
11,DMDZ2325,,12,,,,0.0,,,,),homologacion,
0,DMDZ2325,,13,O,(,,,,,,,homologacion,
1,DMDZ2325,,14,,(,,0.0,,,,,homologacion,DMDZ2326
2,DMDZ2325,,15,,(,,0.0,DMDZ2321,Pregrado,6.0,,homologacion,DMDZ2326
3,DMDZ2325,,16,O,,A201,6.0,,,,),homologacion,DMDZ2326
4,DMDZ2325,,17,Y,(,,0.0,DMDZ2313,Pregrado,6.0,,homologacion,DMDZ2326
5,DMDZ2325,,18,O,,E103,6.0,,,,),homologacion,DMDZ2326
6,DMDZ2325,,19,,,,,,,,),homologacion,
0,CBOZ2140,202220,1,,,,0.0,CBMZ1030,Pregrado,6.0,,malla,
0,CBOZ2140,202220,2,O,(,,,,,,,homologacion,
1,CBOZ2140,202220,3,,(,,0.0,,,,,homologacion,DMDZ2326
2,CBOZ2140,202220,4,,(,,0.0,DMDZ2321,Pregrado,6.0,,homologacion,DMDZ2326
3,CBOZ2140,202220,5,O,,A201,6.0,,,,),homologacion,DMDZ2326
4,CBOZ2140,202220,6,Y,(,,0.0,DMDZ2313,Pregrado,6.0,,homologacion,DMDZ2326
5,CBOZ2140,202220,7,O,,E103,6.0,,,,),homologacion,DMDZ2326
6,CBOZ2140,202220,8,,,,,,,,),homologacion,
0,CBMZ1121,202310,1,,,,0.0,CBMZ1030,Pregrado,6.0,,malla,
0,CBMZ1121,202310,2,O,(,,,,,,,homologacion,
1,CBMZ1121,202310,3,,(,,0.0,,,,,homologacion,DMDZ2326
2,CBMZ1121,202310,4,,(,,0.0,DMDZ2321,Pregrado,6.0,,homologacion,DMDZ2326
3,CBMZ1121,202310,5,O,,A201,6.0,,,,),homologacion,DMDZ2326
4,CBMZ1121,202310,6,Y,(,,0.0,DMDZ2313,Pregrado,6.0,,homologacion,DMDZ2326
5,CBMZ1121,202310,7,O,,E103,6.0,,,,),homologacion,DMDZ2326
6,CBMZ1121,202310,8,,,,,,,,),homologacion,
0,DMDZ2321,202620,1,,,,0.0,DMDZ2311,Pregrado,6.0,,malla,DMDZ2321
1,DMDZ2321,202620,5,O,,A101,6.0,,,,,malla,DMDZ2321
0,CBOZ3160,202220,1,,,,0.0,CBOZ2110,Pregrado,6.0,,malla,
0,CBOZ3160,202220,2,O,(,,,,,,,homologacion,
1,CBOZ3160,202220,3,,,,0.0,DMDZ2311,Pregrado,6.0,,homologacion,DMDZ2321
2,CBOZ3160,202220,4,O,,A101,6.0,,,,,homologacion,DMDZ2321
3,CBOZ3160,202220,5,,,,,,,,),homologacion,
0,CBMZ3150,202310,1,,,,0.0,CBMZ2130,Pregrado,6.0,,malla,
1,CBMZ3150,202310,2,O,(,,0.0,,,,,homologacion,
2,CBMZ3150,202310,3,,(,,0.0,DMDZ2311,Pregrado,6.0,,homologacion,
3,CBMZ3150,202310,4,O,,A101,6.0,,,,),homologacion,
4,CBMZ3150,202310,5,,,,0.0,,,,),homologacion,
5,CBMZ3150,202310,6,O,(,,0.0,,,,,homologacion,
6,CBMZ3150,202310,7,,(,,0.0,MEDZ2132,Pregrado,6.0,,homologacion,
7,CBMZ3150,202310,8,O,,A045,6.0,,,,),homologacion,
8,CBMZ3150,202310,9,Y,(,,0.0,MEDZ2125,Pregrado,6.0,,homologacion,
9,CBMZ3150,202310,10,O,,A043,6.0,,,,),homologacion,
10,CBMZ3150,202310,11,,,,0.0,,,,),homologacion,
11,CBMZ3150,202310,12,O,(,,0.0,,,,,homologacion,
12,CBMZ3150,202310,13,,(,,0.0,MEDZ2234,Pregrado,6.0,,homologacion,
13,CBMZ3150,202310,14,O,,A049,6.0,,,,),homologacion,
14,CBMZ3150,202310,15,Y,(,,0.0,MEDZ2235,Pregrado,6.0,,homologacion,
15,CBMZ3150,202310,16,O,,A047,6.0,,,,),homologacion,
16,CBMZ3150,202310,17,,,,0.0,,,,),homologacion,
0,CBMZ3150,202310,18,O,(,,,,,,,homologacion,
1,CBMZ3150,202310,19,,,,0.0,DMDZ2311,Pregrado,6.0,,homologacion,DMDZ2321
2,CBMZ3150,202310,20,O,,A101,6.0,,,,,homologacion,DMDZ2321
3,CBMZ3150,202310,21,,,,,,,,),homologacion,
0,MEDZ2234,202310,1,,(,,0.0,MEDZ2132,Pregrado,6.0,,malla,
1,MEDZ2234,202310,2,O,,A045,6.0,,,,),malla,
2,MEDZ2234,202310,3,Y,(,,0.0,MEDZ2125,Pregrado,6.0,,malla,
3,MEDZ2234,202310,4,O,,A043,6.0,,,,),malla,
4,MEDZ2234,202310,5,O,(,,0.0,,,,,homologacion,
5,MEDZ2234,202310,6,,(,,0.0,DMDZ2311,Pregrado,6.0,,homologacion,
6,MEDZ2234,202310,7,O,,A101,6.0,,,,),homologacion,
7,MEDZ2234,202310,8,,,,0.0,,,,),homologacion,
8,MEDZ2234,202310,9,O,(,,0.0,,,,,homologacion,
9,MEDZ2234,202310,10,,(,,0.0,FTPZ1107,Pregrado,6.0,,homologacion,
10,MEDZ2234,202310,11,O,,A122,6.0,,,,),homologacion,
11,MEDZ2234,202310,12,,,,0.0,,,,),homologacion,
0,MEDZ2234,202310,13,O,(,,,,,,,homologacion,
1,MEDZ2234,202310,14,,,,0.0,DMDZ2311,Pregrado,6.0,,homologacion,DMDZ2321
2,MEDZ2234,202310,15,O,,A101,6.0,,,,,homologacion,DMDZ2321
3,MEDZ2234,202310,16,,,,,,,,),homologacion,
0,MEDZ4380,202620,1,,(,,,MEDZ4375,,6.0,,malla,
1,MEDZ4380,202620,2,O,,A351,6.0,,,,),malla,
2,MEDZ4380,202620,3,Y,(,,,MEDZ4374,,6.0,,malla,
3,MEDZ4380,202620,4,O,,A350,6.0,,,,,malla,
4,MEDZ4380,202620,5,O,,A041,6.0,,,,),malla,
5,MEDZ4380,202620,6,Y,(,,,MEDZ4376,,6.0,,malla,
6,MEDZ4380,202620,7,O,,A352,6.0,,,,),malla,
7,MEDZ4380,202620,8,Y,(,,,MEDZ4378,,6.0,,malla,
8,MEDZ4380,202620,9,O,,A354,6.0,,,,,malla,
9,MEDZ4380,202620,10,O,,A042,6.0,,,,),malla,
0,MEDZ4380,202620,11,O,(,,,,,,,homologacion,
1,MEDZ4380,202620,12,,,,0.0,DMDZ2311,Pregrado,6.0,,homologacion,DMDZ2321
2,MEDZ4380,202620,13,O,,A101,6.0,,,,,homologacion,DMDZ2321
3,MEDZ4380,202620,14,,,,,,,,),homologacion,
0,MEDZ2232,,1,,,,0.0,MEDZ2122,Pregrado,6.0,,malla,
0,MEDZ2232,,2,O,(,,,,,,,homologacion,
1,MEDZ2232,,3,,,,0.0,DMDZ2311,Pregrado,6.0,,homologacion,DMDZ2321
2,MEDZ2232,,4,O,,A101,6.0,,,,,homologacion,DMDZ2321
3,MEDZ2232,,5,,,,,,,,),homologacion,
0,DMDZ2313,202620,1,,,,0.0,DMDZ1303,Pregrado,6.0,,malla,DMDZ2313
1,DMDZ2313,202620,6,O,,A123,6.0,,,,,malla,DMDZ2313
2,DMDZ2313,202620,7,O,,BC01,6.0,,,,,malla,DMDZ2313
0,CBOZ2130,202220,1,,,,0.0,CBMZ1030,Pregrado,6.0,,malla,
1,CBOZ2130,202220,2,O,(,,0.0,,,,,homologacion,
2,CBOZ2130,202220,3,,(,,0.0,DMDZ1303,Pregrado,6.0,,homologacion,
3,CBOZ2130,202220,4,O,,A123,6.0,,,,,homologacion,
4,CBOZ2130,202220,5,O,,BC01,6.0,,,,),homologacion,
5,CBOZ2130,202220,6,,,,0.0,,,,),homologacion,
0,CBOZ2130,202220,7,O,(,,,,,,,homologacion,
1,CBOZ2130,202220,8,,,,0.0,DMDZ1303,Pregrado,6.0,,homologacion,DMDZ2313
2,CBOZ2130,202220,9,O,,A123,6.0,,,,,homologacion,DMDZ2313
3,CBOZ2130,202220,10,O,,BC01,6.0,,,,,homologacion,DMDZ2313
4,CBOZ2130,202220,11,,,,,,,,),homologacion,
0,MEDZ4381,202620,1,,(,,,MEDZ4375,,6.0,,malla,
1,MEDZ4381,202620,2,O,,A351,6.0,,,,),malla,
2,MEDZ4381,202620,3,Y,(,,,MEDZ4374,,6.0,,malla,
3,MEDZ4381,202620,4,O,,A350,6.0,,,,,malla,
4,MEDZ4381,202620,5,O,,A041,6.0,,,,),malla,
5,MEDZ4381,202620,6,Y,(,,,MEDZ4376,,6.0,,malla,
6,MEDZ4381,202620,7,O,,A352,6.0,,,,),malla,
0,MEDZ4381,202620,8,O,(,,,,,,,homologacion,
1,MEDZ4381,202620,9,,,,0.0,DMDZ1303,Pregrado,6.0,,homologacion,DMDZ2313
2,MEDZ4381,202620,10,O,,A123,6.0,,,,,homologacion,DMDZ2313
3,MEDZ4381,202620,11,O,,BC01,6.0,,,,,homologacion,DMDZ2313
4,MEDZ4381,202620,12,,,,,,,,),homologacion,
0,MEDZ2125,202310,1,,(,,0.0,MEDZ1121,Pregrado,6.0,,malla,
1,MEDZ2125,202310,2,O,,A041,6.0,,,,),malla,
2,MEDZ2125,202310,3,O,(,,0.0,CBMZ1030,Pregrado,6.0,,homologacion,
3,MEDZ2125,202310,4,Y,,,0.0,CBMZ1110,Pregrado,6.0,),homologacion,
4,MEDZ2125,202310,5,O,(,,0.0,DMDZ1303,Pregrado,6.0,,homologacion,
5,MEDZ2125,202310,6,O,,A123,6.0,,,,,homologacion,
6,MEDZ2125,202310,7,O,,BC01,6.0,,,,),homologacion,
7,MEDZ2125,202310,8,O,(,,0.0,MEDZ1111,Pregrado,6.0,,homologacion,
8,MEDZ2125,202310,9,Y,,,0.0,MEDZ1112,Pregrado,6.0,),homologacion,
9,MEDZ2125,202310,10,O,(,,0.0,MEDZ4375,Pregrado,6.0,,malla,
10,MEDZ2125,202310,11,Y,,,0.0,MEDZ4374,Pregrado,6.0,,malla,
11,MEDZ2125,202310,12,Y,,,0.0,MEDZ4376,Pregrado,6.0,),malla,
0,MEDZ2125,202310,13,O,(,,,,,,,homologacion,
1,MEDZ2125,202310,14,,,,0.0,DMDZ1303,Pregrado,6.0,,homologacion,DMDZ2313
2,MEDZ2125,202310,15,O,,A123,6.0,,,,,homologacion,DMDZ2313
3,MEDZ2125,202310,16,O,,BC01,6.0,,,,,homologacion,DMDZ2313
4,MEDZ2125,202310,17,,,,,,,,),homologacion,
0,MEDZ2123,,1,,,,0.0,MEDZ1111,Pregrado,6.0,,malla,
1,MEDZ2123,,2,Y,,,0.0,MEDZ1112,Pregrado,6.0,,malla,
2,MEDZ2123,,3,O,(,,0.0,CBMZ1030,Pregrado,6.0,,homologacion,
3,MEDZ2123,,4,Y,,,0.0,CBMZ1110,Pregrado,6.0,,homologacion,
4,MEDZ2123,,5,,,,0.0,,,,),homologacion,
5,MEDZ2123,,6,O,(,,0.0,CBMZ1030,Pregrado,6.0,,homologacion,
6,MEDZ2123,,7,,,,0.0,,,,),homologacion,
7,MEDZ2123,,8,O,(,,0.0,CBMZ1030,Pregrado,6.0,,homologacion,
8,MEDZ2123,,9,,,,0.0,,,,),homologacion,
9,MEDZ2123,,10,O,(,,0.0,,,,,homologacion,
10,MEDZ2123,,11,,(,,0.0,DMDZ1303,Pregrado,6.0,,homologacion,
11,MEDZ2123,,12,O,,A123,6.0,,,,,homologacion,
12,MEDZ2123,,13,O,,BC01,6.0,,,,),homologacion,
13,MEDZ2123,,14,,,,0.0,,,,),homologacion,
14,MEDZ2123,,15,O,(,,0.0,,,,,homologacion,
15,MEDZ2123,,16,,(,,0.0,MEDZ1121,Pregrado,6.0,,homologacion,
16,MEDZ2123,,17,O,,A041,6.0,,,,),homologacion,
17,MEDZ2123,,18,,,,0.0,,,,),homologacion,
0,MEDZ2123,,19,O,(,,,,,,,homologacion,
1,MEDZ2123,,20,,,,0.0,DMDZ1303,Pregrado,6.0,,homologacion,DMDZ2313
2,MEDZ2123,,21,O,,A123,6.0,,,,,homologacion,DMDZ2313
3,MEDZ2123,,22,O,,BC01,6.0,,,,,homologacion,DMDZ2313
4,MEDZ2123,,23,,,,,,,,),homologacion,
0,DMDZ2334,202620,1,,,,0.0,DMDZ2321,Pregrado,6.0,,malla,DMDZ2334
1,DMDZ2334,202620,6,O,,A201,6.0,,,,,malla,DMDZ2334
0,CBOZ3160,202220,1,,,,0.0,CBOZ2110,Pregrado,6.0,,malla,
0,CBOZ3160,202220,2,O,(,,,,,,,homologacion,
1,CBOZ3160,202220,3,,,,0.0,DMDZ2321,Pregrado,6.0,,homologacion,DMDZ2334
2,CBOZ3160,202220,4,O,,A201,6.0,,,,,homologacion,DMDZ2334
3,CBOZ3160,202220,5,,,,,,,,),homologacion,
0,DMDZ2332,202620,1,,(,,0.0,DMDZ2334,Pregrado,6.0,,malla,DMDZ2332
1,DMDZ2332,202620,2,O,,A304,6.0,,,,),malla,DMDZ2332
2,DMDZ2332,202620,3,Y,(,,0.0,DMDZ2322,Pregrado,6.0,,malla,DMDZ2332
3,DMDZ2332,202620,8,O,,M202,6.0,,,,),malla,DMDZ2332
0,CBMZ3080,202310,1,,,,0.0,CBMZ2050,Pregrado,6.0,,malla,
1,CBMZ3080,202310,2,Y,,,0.0,CBMZ3150,Pregrado,6.0,,malla,
0,CBMZ3080,202310,3,O,(,,,,,,,homologacion,
1,CBMZ3080,202310,4,,(,,0.0,DMDZ2334,Pregrado,6.0,,homologacion,DMDZ2332
2,CBMZ3080,202310,5,O,,A304,6.0,,,,),homologacion,DMDZ2332
3,CBMZ3080,202310,6,Y,(,,0.0,DMDZ2322,Pregrado,6.0,,homologacion,DMDZ2332
4,CBMZ3080,202310,7,O,,M202,6.0,,,,),homologacion,DMDZ2332
5,CBMZ3080,202310,8,,,,,,,,),homologacion,
0,CBOZ2120,202220,1,,,,0.0,CBMZ1030,Pregrado,6.0,,malla,
0,CBOZ2120,202220,2,O,(,,,,,,,homologacion,
1,CBOZ2120,202220,3,,(,,0.0,DMDZ2334,Pregrado,6.0,,homologacion,DMDZ2332
2,CBOZ2120,202220,4,O,,A304,6.0,,,,),homologacion,DMDZ2332
3,CBOZ2120,202220,5,Y,(,,0.0,DMDZ2322,Pregrado,6.0,,homologacion,DMDZ2332
4,CBOZ2120,202220,6,O,,M202,6.0,,,,),homologacion,DMDZ2332
5,CBOZ2120,202220,7,,,,,,,,),homologacion,
0,DMDZ2331,202620,1,,,,0.0,DMDZ2322,Pregrado,6.0,,malla,DMDZ2331
1,DMDZ2331,202620,7,O,,M202,6.0,,,,,malla,DMDZ2331
0,CCOZ2075,202220,1,,,,0.0,CCOZ4150,Pregrado,6.0,,malla,
1,CCOZ2075,202220,2,O,(,,0.0,,,,,homologacion,
2,CCOZ2075,202220,3,,(,,0.0,DMDZ2322,Pregrado,6.0,,homologacion,
3,CCOZ2075,202220,4,O,,M202,6.0,,,,),homologacion,
4,CCOZ2075,202220,5,,,,0.0,,,,),homologacion,
0,CCOZ2075,202220,6,O,(,,,,,,,homologacion,
1,CCOZ2075,202220,7,,,,0.0,DMDZ2322,Pregrado,6.0,,homologacion,DMDZ2331
2,CCOZ2075,202220,8,O,,M202,6.0,,,,,homologacion,DMDZ2331
3,CCOZ2075,202220,9,,,,,,,,),homologacion,
0,CBMZ3251,202310,1,,,,0.0,CBMZ2071,Pregrado,6.0,,malla,
1,CBMZ3251,202310,2,O,(,,0.0,CBMZ2070,Pregrado,6.0,,homologacion,
2,CBMZ3251,202310,3,Y,,,0.0,CBMZ3080,Pregrado,6.0,,homologacion,
3,CBMZ3251,202310,4,Y,,,0.0,CBMZ3220,Pregrado,6.0,,homologacion,
4,CBMZ3251,202310,5,,,,0.0,,,,),homologacion,
5,CBMZ3251,202310,6,O,(,,0.0,,,,,homologacion,
6,CBMZ3251,202310,7,,(,,0.0,DMDZ2322,Pregrado,6.0,,homologacion,
7,CBMZ3251,202310,8,O,,M202,6.0,,,,),homologacion,
8,CBMZ3251,202310,9,,,,0.0,,,,),homologacion,
9,CBMZ3251,202310,10,O,(,,0.0,,,,,homologacion,
10,CBMZ3251,202310,11,,(,,0.0,MEDZ2133,Pregrado,6.0,,homologacion,
11,CBMZ3251,202310,12,O,,A050,6.0,,,,),homologacion,
12,CBMZ3251,202310,13,,,,0.0,,,,),homologacion,
0,CBMZ3251,202310,14,O,(,,,,,,,homologacion,
1,CBMZ3251,202310,15,,,,0.0,DMDZ2322,Pregrado,6.0,,homologacion,DMDZ2331
2,CBMZ3251,202310,16,O,,M202,6.0,,,,,homologacion,DMDZ2331
3,CBMZ3251,202310,17,,,,,,,,),homologacion,
0,MEDZ3152,202310,1,,(,,0.0,MEDZ2133,Pregrado,6.0,,malla,
1,MEDZ3152,202310,2,O,,A050,6.0,,,,),malla,
2,MEDZ3152,202310,3,O,(,,0.0,CBMZ2071,Pregrado,6.0,,homologacion,
3,MEDZ3152,202310,4,,,,0.0,,,,),homologacion,
4,MEDZ3152,202310,5,O,(,,0.0,CCOZ4150,Pregrado,6.0,,homologacion,
5,MEDZ3152,202310,6,,,,0.0,,,,),homologacion,
6,MEDZ3152,202310,7,O,(,,0.0,,,,,homologacion,
7,MEDZ3152,202310,8,,(,,0.0,DMDZ2322,Pregrado,6.0,,homologacion,
8,MEDZ3152,202310,9,O,,M202,6.0,,,,),homologacion,
9,MEDZ3152,202310,10,,,,0.0,,,,),homologacion,
10,MEDZ3152,202310,11,O,(,,0.0,MEDZ2131,Pregrado,6.0,,homologacion,
11,MEDZ3152,202310,12,,,,0.0,,,,),homologacion,
0,MEDZ3152,202310,13,O,(,,,,,,,homologacion,
1,MEDZ3152,202310,14,,,,0.0,DMDZ2322,Pregrado,6.0,,homologacion,DMDZ2331
2,MEDZ3152,202310,15,O,,M202,6.0,,,,,homologacion,DMDZ2331
3,MEDZ3152,202310,16,,,,,,,,),homologacion,
0,MEDZ3151,,1,,,,0.0,MEDZ2131,Pregrado,6.0,,malla,
1,MEDZ3151,,2,O,(,,0.0,CBMZ2070,Pregrado,6.0,,homologacion,
2,MEDZ3151,,3,Y,,,0.0,CBMZ3080,Pregrado,6.0,,homologacion,
3,MEDZ3151,,4,Y,,,0.0,CBMZ3220,Pregrado,6.0,,homologacion,
4,MEDZ3151,,5,,,,0.0,,,,),homologacion,
5,MEDZ3151,,6,O,(,,0.0,CBMZ2071,Pregrado,6.0,,homologacion,
6,MEDZ3151,,7,,,,0.0,,,,),homologacion,
7,MEDZ3151,,8,O,(,,0.0,CCOZ4150,Pregrado,6.0,,homologacion,
8,MEDZ3151,,9,,,,0.0,,,,),homologacion,
9,MEDZ3151,,10,O,(,,0.0,,,,,homologacion,
10,MEDZ3151,,11,,(,,0.0,DMDZ2322,Pregrado,6.0,,homologacion,
11,MEDZ3151,,12,O,,M202,6.0,,,,),homologacion,
12,MEDZ3151,,13,,,,0.0,,,,),homologacion,
13,MEDZ3151,,14,O,(,,0.0,,,,,homologacion,
14,MEDZ3151,,15,,(,,0.0,MEDZ2133,Pregrado,6.0,,homologacion,
15,MEDZ3151,,16,O,,A050,6.0,,,,),homologacion,
16,MEDZ3151,,17,,,,0.0,,,,),homologacion,
0,MEDZ3151,,18,O,(,,,,,,,homologacion,
1,MEDZ3151,,19,,,,0.0,DMDZ2322,Pregrado,6.0,,homologacion,DMDZ2331
2,MEDZ3151,,20,O,,M202,6.0,,,,,homologacion,DMDZ2331
3,MEDZ3151,,21,,,,,,,,),homologacion,
0,MEDZ4398,202620,1,,(,,,MEDZ4390,,6.0,,malla,
1,MEDZ4398,202620,2,O,,A366,6.0,,,,),malla,
2,MEDZ4398,202620,3,Y,(,,,MEDZ4389,,6.0,,malla,
3,MEDZ4398,202620,4,O,,A365,6.0,,,,),malla,
4,MEDZ4398,202620,5,Y,(,,,MEDZ4391,,6.0,,malla,
5,MEDZ4398,202620,6,O,,A367,6.0,,,,),malla,
6,MEDZ4398,202620,7,Y,(,,,MEDZ4392,,6.0,,malla,
7,MEDZ4398,202620,8,O,,A368,6.0,,,,),malla,
0,MEDZ4398,202620,9,O,(,,,,,,,homologacion,
1,MEDZ4398,202620,10,,,,0.0,DMDZ2322,Pregrado,6.0,,homologacion,DMDZ2331
2,MEDZ4398,202620,11,O,,M202,6.0,,,,,homologacion,DMDZ2331
3,MEDZ4398,202620,12,,,,,,,,),homologacion,
0,DMDZ3667,202620,1,,(,,0.0,DMDZ3652,Pregrado,6.0,,malla,DMDZ3667
1,DMDZ3667,202620,5,O,,A098,6.0,,,,),malla,DMDZ3667
0,IAGI2108,202620,1,,(,,0.0,IAGI1108,Pregrado,6.0,,malla,IAGI2108
1,IAGI2108,202620,2,O,,A124,6.0,,,,),malla,IAGI2108
0,IAGI2106,,1,,,,0.0,IAGI1102,Pregrado,6.0,,malla,
0,IAGI2106,,2,O,(,,,,,,,homologacion,
1,IAGI2106,,3,,(,,0.0,IAGI1108,Pregrado,6.0,,homologacion,IAGI2108
2,IAGI2106,,4,O,,A124,6.0,,,,),homologacion,IAGI2108
3,IAGI2106,,5,,,,,,,,),homologacion,
0,IQUI2310,202410,1,,,,0.0,IQUI1210,Pregrado,6.0,,malla,
0,IQUI2310,202410,2,O,(,,,,,,,homologacion,
1,IQUI2310,202410,3,,(,,0.0,IAGI1108,Pregrado,6.0,,homologacion,IAGI2108
2,IQUI2310,202410,4,O,,A124,6.0,,,,),homologacion,IAGI2108
3,IQUI2310,202410,5,,,,,,,,),homologacion,
0,IBIO1409,,1,,,,0.0,IBIO1403,Pregrado,6.0,,malla,
0,IBIO1409,,2,O,(,,,,,,,homologacion,
1,IBIO1409,,3,,(,,0.0,IAGI1108,Pregrado,6.0,,homologacion,IAGI2108
2,IBIO1409,,4,O,,A124,6.0,,,,),homologacion,IAGI2108
3,IBIO1409,,5,,,,,,,,),homologacion,
0,IGAM2040,,1,,,,0.0,IGAM1030,Pregrado,6.0,,malla,
0,IGAM2040,,2,O,(,,,,,,,homologacion,
1,IGAM2040,,3,,(,,0.0,IAGI1108,Pregrado,6.0,,homologacion,IAGI2108
2,IGAM2040,,4,O,,A124,6.0,,,,),homologacion,IAGI2108
3,IGAM2040,,5,,,,,,,,),homologacion,
0,IBIO1410,202620,1,,,,0.0,IBIO1404,Pregrado,6.0,,malla,
0,IBIO1410,202620,2,O,(,,,,,,,homologacion,
1,IBIO1410,202620,3,,(,,0.0,IAGI1108,Pregrado,6.0,,homologacion,IAGI2108
2,IBIO1410,202620,4,O,,A124,6.0,,,,),homologacion,IAGI2108
3,IBIO1410,202620,5,,,,,,,,),homologacion,
0,IAGI2215,202620,1,,,,0.0,IAGI1103,Pregrado,6.0,,malla,IAGI2215
1,IAGI2215,202620,2,O,,A152,6.0,,,,,malla,IAGI2215
0,IBIO2220,202410,1,,,,0.0,IBIO1210,Pregrado,6.0,,malla,
0,IBIO2220,202410,2,O,(,,,,,,,homologacion,
1,IBIO2220,202410,3,,,,0.0,IAGI1103,Pregrado,6.0,,homologacion,IAGI2215
2,IBIO2220,202410,4,O,,A152,6.0,,,,,homologacion,IAGI2215
3,IBIO2220,202410,5,,,,,,,,),homologacion,
0,IBIO3707,202620,1,,(,,0.0,IBIO1413,Pregrado,6.0,,malla,
1,IBIO3707,202620,2,O,,A322,7.0,,,,),malla,
0,IBIO3707,202620,3,O,(,,,,,,,homologacion,
1,IBIO3707,202620,4,,,,0.0,IAGI1103,Pregrado,6.0,,homologacion,IAGI2215
2,IBIO3707,202620,5,O,,A152,6.0,,,,,homologacion,IAGI2215
3,IBIO3707,202620,6,,,,,,,,),homologacion,
0,IBIO2427,202220,1,,,,0.0,IBIO1413,Pregrado,6.0,,malla,
0,IBIO2427,202220,2,O,(,,,,,,,homologacion,
1,IBIO2427,202220,3,,,,0.0,IAGI1103,Pregrado,6.0,,homologacion,IAGI2215
2,IBIO2427,202220,4,O,,A152,6.0,,,,,homologacion,IAGI2215
3,IBIO2427,202220,5,,,,,,,,),homologacion,
0,IAGI3112,202620,1,,(,,0.0,IAGI1103,Pregrado,6.0,,malla,IAGI3112
1,IAGI3112,202620,2,O,,A152,6.0,,,,),malla,IAGI3112
0,IBIO2418,202620,1,,,,0.0,IBIO3707,Pregrado,6.0,,malla,
0,IBIO2418,202620,2,O,(,,,,,,,homologacion,
1,IBIO2418,202620,3,,(,,0.0,IAGI1103,Pregrado,6.0,,homologacion,IAGI3112
2,IBIO2418,202620,4,O,,A152,6.0,,,,),homologacion,IAGI3112
3,IBIO2418,202620,5,,,,,,,,),homologacion,
0,MEDZ3245,202310,1,,(,,0.0,MEDZ2124,Pregrado,6.0,,malla,
1,MEDZ3245,202310,2,O,,A044,6.0,,,,),malla,
2,MEDZ3245,202310,3,O,(,,0.0,CBMZ2060,Pregrado,6.0,,homologacion,
3,MEDZ3245,202310,4,Y,,,0.0,CBMZ2050,Pregrado,6.0,,homologacion,
4,MEDZ3245,202310,5,,,,0.0,,,,),homologacion,
5,MEDZ3245,202310,6,O,(,,0.0,CBMZ2061,Pregrado,6.0,,homologacion,
6,MEDZ3245,202310,7,Y,,,0.0,CBMZ2050,Pregrado,6.0,,homologacion,
7,MEDZ3245,202310,8,,,,0.0,,,,),homologacion,
8,MEDZ3245,202310,9,O,,,0.0,CBMZ1030,Pregrado,6.0,,homologacion,
9,MEDZ3245,202310,10,O,(,,0.0,,,,,homologacion,
10,MEDZ3245,202310,11,,(,,0.0,DMDZ2313,Pregrado,6.0,,homologacion,
11,MEDZ3245,202310,12,O,,E103,6.0,,,,),homologacion,
12,MEDZ3245,202310,13,Y,(,,0.0,DMDZ2321,Pregrado,6.0,,homologacion,
13,MEDZ3245,202310,14,O,,A201,6.0,,,,),homologacion,
14,MEDZ3245,202310,15,,,,0.0,,,,),homologacion,
15,MEDZ3245,202310,16,O,(,,0.0,MEDZ2131,Pregrado,6.0,,homologacion,
16,MEDZ3245,202310,17,Y,,,0.0,MEDZ2233,Pregrado,6.0,,homologacion,
17,MEDZ3245,202310,18,,,,0.0,,,,),homologacion,
0,MEDZ3245,202310,19,O,(,,,,,,,homologacion,
1,MEDZ3245,202310,20,,(,,0.0,IAGI1103,Pregrado,6.0,,homologacion,IAGI3112
2,MEDZ3245,202310,21,O,,A152,6.0,,,,),homologacion,IAGI3112
3,MEDZ3245,202310,22,,,,,,,,),homologacion,
0,IAGI2121,202620,1,,(,,0.0,IAGI2108,Pregrado,6.0,,malla,IAGI2121
1,IAGI2121,202620,2,O,,A126,6.0,,,,),malla,IAGI2121
0,IQUI2110,202410,1,,,,0.0,IQUI2310,Pregrado,6.0,,malla,
0,IQUI2110,202410,2,O,(,,,,,,,homologacion,
1,IQUI2110,202410,3,,(,,0.0,IAGI2108,Pregrado,6.0,,homologacion,IAGI2121
2,IQUI2110,202410,4,O,,A126,6.0,,,,),homologacion,IAGI2121
3,IQUI2110,202410,5,,,,,,,,),homologacion,
0,IBIO3719,202620,1,,,,0.0,IBIO1410,Pregrado,6.0,,malla,
1,IBIO3719,202620,2,Y,(,,0.0,IBIO1413,Pregrado,6.0,,malla,
2,IBIO3719,202620,3,O,,A322,7.0,,,,),malla,
0,IBIO3719,202620,4,O,(,,,,,,,homologacion,
1,IBIO3719,202620,5,,(,,0.0,IAGI2108,Pregrado,6.0,,homologacion,IAGI2121
2,IBIO3719,202620,6,O,,A126,6.0,,,,),homologacion,IAGI2121
3,IBIO3719,202620,7,,,,,,,,),homologacion,
0,MEDZ2235,202310,1,,(,,0.0,MEDZ2125,Pregrado,6.0,,malla,
1,MEDZ2235,202310,2,O,,A043,6.0,,,,),malla,
2,MEDZ2235,202310,3,Y,(,,0.0,MEDZ2124,Pregrado,6.0,,malla,
3,MEDZ2235,202310,4,O,,A044,6.0,,,,),malla,
4,MEDZ2235,202310,5,O,(,,0.0,CBMZ2041,Pregrado,6.0,,homologacion,
5,MEDZ2235,202310,6,,,,0.0,,,,),homologacion,
0,MEDZ2235,202310,7,O,(,,,,,,,homologacion,
1,MEDZ2235,202310,8,,(,,0.0,IAGI2108,Pregrado,6.0,,homologacion,IAGI2121
2,MEDZ2235,202310,9,O,,A126,6.0,,,,),homologacion,IAGI2121
3,MEDZ2235,202310,10,,,,,,,,),homologacion,
0,IBIO2421,202220,1,,(,,0.0,IBIO1415,Pregrado,6.0,,malla,
1,IBIO2421,202220,2,O,,A261,7.0,,,,),malla,
2,IBIO2421,202220,3,Y,,,0.0,IBIO1413,Pregrado,6.0,,malla,
3,IBIO2421,202220,4,O,(,,0.0,IQUB1010,Pregrado,6.0,,homologacion,
4,IBIO2421,202220,5,Y,,,0.0,IQUI2310,Pregrado,6.0,,homologacion,
5,IBIO2421,202220,6,,,,0.0,,,,),homologacion,
6,IBIO2421,202220,7,O,(,,0.0,IQUI2310,Pregrado,6.0,,homologacion,
7,IBIO2421,202220,8,,,,0.0,,,,),homologacion,
0,IBIO2421,202220,9,O,(,,,,,,,homologacion,
1,IBIO2421,202220,10,,(,,0.0,IAGI2108,Pregrado,6.0,,homologacion,IAGI2121
2,IBIO2421,202220,11,O,,A126,6.0,,,,),homologacion,IAGI2121
3,IBIO2421,202220,12,,,,,,,,),homologacion,
0,IAGI3561,202620,1,,,,0.0,IAGI2215,Pregrado,6.0,,malla,IAGI3561
0,IAGI2226,,1,,,,0.0,IAGI2215,Pregrado,6.0,,malla,
0,IAGI2226,,2,O,(,,,,,,,homologacion,
1,IAGI2226,,3,,,,0.0,IAGI2215,Pregrado,6.0,,homologacion,IAGI3561
2,IAGI2226,,4,,,,,,,,),homologacion,
0,ITEA2020,202410,1,,,,0.0,ITEA2010,Pregrado,6.0,,malla,
0,ITEA2020,202410,2,O,(,,,,,,,homologacion,
1,ITEA2020,202410,3,,,,0.0,IAGI2215,Pregrado,6.0,,homologacion,IAGI3561
2,ITEA2020,202410,4,,,,,,,,),homologacion,
0,IAGI2229,202220,1,,,,0.0,IAGI2215,Pregrado,6.0,,malla,
0,IAGI2229,202220,2,O,(,,,,,,,homologacion,
1,IAGI2229,202220,3,,,,0.0,IAGI2215,Pregrado,6.0,,homologacion,IAGI3561
2,IAGI2229,202220,4,,,,,,,,),homologacion,
0,IAGI2324,202620,1,,(,,0.0,IAGI2121,Pregrado,6.0,,malla,IAGI2324
1,IAGI2324,202620,2,O,,A154,6.0,,,,),malla,IAGI2324
0,ITAL2110,202410,1,,,,0.0,IQUI2110,Pregrado,6.0,,malla,
1,ITAL2110,202410,2,O,(,,0.0,,,,,homologacion,
2,ITAL2110,202410,3,,(,,0.0,IAGI2121,Pregrado,6.0,,homologacion,
3,ITAL2110,202410,4,O,,A154,6.0,,,,),homologacion,
4,ITAL2110,202410,5,,,,0.0,,,,),homologacion,
0,ITAL2110,202410,6,O,(,,,,,,,homologacion,
1,ITAL2110,202410,7,,(,,0.0,IAGI2121,Pregrado,6.0,,homologacion,IAGI2324
2,ITAL2110,202410,8,O,,A154,6.0,,,,),homologacion,IAGI2324
3,ITAL2110,202410,9,,,,,,,,),homologacion,
0,IAGI3562,202620,1,,(,,0.0,IAGI2121,Pregrado,6.0,,malla,IAGI3562
1,IAGI3562,202620,2,O,,A154,6.0,,,,),malla,IAGI3562
0,IAGI2225,,1,,(,,0.0,IAGI3112,Pregrado,6.0,,malla,
1,IAGI2225,,2,O,,A153,6.0,,,,),malla,
2,IAGI2225,,3,O,(,,0.0,,,,,homologacion,
3,IAGI2225,,4,,(,,0.0,IAGI1103,Pregrado,6.0,,homologacion,
4,IAGI2225,,5,O,,A152,6.0,,,,),homologacion,
5,IAGI2225,,6,Y,(,,0.0,IAGI2324,Pregrado,6.0,,homologacion,
6,IAGI2225,,7,O,,A159,6.0,,,,),homologacion,
7,IAGI2225,,8,,,,0.0,,,,),homologacion,
8,IAGI2225,,9,O,(,,0.0,IPAN1120,Pregrado,6.0,,homologacion,
9,IAGI2225,,10,,,,0.0,,,,),homologacion,
0,IAGI2225,,11,O,(,,,,,,,homologacion,
1,IAGI2225,,12,,(,,0.0,IAGI2121,Pregrado,6.0,,homologacion,IAGI3562
2,IAGI2225,,13,O,,A154,6.0,,,,),homologacion,IAGI3562
3,IAGI2225,,14,,,,,,,,),homologacion,
0,IPAN2110,202410,1,,,,0.0,IPAN1120,Pregrado,6.0,,malla,
0,IPAN2110,202410,2,O,(,,,,,,,homologacion,
1,IPAN2110,202410,3,,(,,0.0,IAGI2121,Pregrado,6.0,,homologacion,IAGI3562
2,IPAN2110,202410,4,O,,A154,6.0,,,,),homologacion,IAGI3562
3,IPAN2110,202410,5,,,,,,,,),homologacion,
0,IAGI2228,202220,1,,(,,0.0,IAGI1103,Pregrado,6.0,,malla,
1,IAGI2228,202220,2,O,,A152,6.0,,,,),malla,
0,IAGI2228,202220,3,O,(,,,,,,,homologacion,
1,IAGI2228,202220,4,,(,,0.0,IAGI2121,Pregrado,6.0,,homologacion,IAGI3562
2,IAGI2228,202220,5,O,,A154,6.0,,,,),homologacion,IAGI3562
3,IAGI2228,202220,6,,,,,,,,),homologacion,
0,IBIO2409,202220,1,,,,0.0,IBIO1413,Pregrado,6.0,,malla,
0,IBIO2409,202220,2,O,(,,,,,,,homologacion,
1,IBIO2409,202220,3,,(,,0.0,IAGI2121,Pregrado,6.0,,homologacion,IAGI3562
2,IBIO2409,202220,4,O,,A154,6.0,,,,),homologacion,IAGI3562
3,IBIO2409,202220,5,,,,,,,,),homologacion,
0,IAGI3218,202620,1,,(,,0.0,IAGI3112,Pregrado,6.0,,malla,IAGI3218
1,IAGI3218,202620,2,O,,A153,6.0,,,,),malla,IAGI3218
0,ITAL3310,202410,1,,,,0.0,IBIO2410,Pregrado,6.0,,malla,
0,ITAL3310,202410,2,O,(,,,,,,,homologacion,
1,ITAL3310,202410,3,,(,,0.0,IAGI3112,Pregrado,6.0,,homologacion,IAGI3218
2,ITAL3310,202410,4,O,,A153,6.0,,,,),homologacion,IAGI3218
3,ITAL3310,202410,5,,,,,,,,),homologacion,
0,IAGI3560,202620,1,,(,,0.0,IAGI3422,Pregrado,6.0,,malla,IAGI3560
1,IAGI3560,202620,2,O,,A155,6.0,,,,),malla,IAGI3560
0,IAGI3409,,1,,(,,0.0,MATZ0339,Pregrado,6.0,,malla,
1,IAGI3409,,2,O,,INCA,7.0,,,,),malla,
2,IAGI3409,,3,O,(,,0.0,,,,,homologacion,
3,IAGI3409,,4,,(,,0.0,IAGI3422,Pregrado,6.0,,homologacion,
4,IAGI3409,,5,O,,A155,6.0,,,,),homologacion,
5,IAGI3409,,6,,,,0.0,,,,),homologacion,
6,IAGI3409,,7,O,(,,0.0,IFIP2110,Pregrado,6.0,,homologacion,
7,IAGI3409,,8,,,,0.0,,,,),homologacion,
0,IAGI3409,,9,O,(,,,,,,,homologacion,
1,IAGI3409,,10,,(,,0.0,IAGI3422,Pregrado,6.0,,homologacion,IAGI3560
2,IAGI3409,,11,O,,A155,6.0,,,,),homologacion,IAGI3560
3,IAGI3409,,12,,,,,,,,),homologacion,
0,IQFI2110,202410,1,,,,0.0,IFIP2110,Pregrado,6.0,,malla,
0,IQFI2110,202410,2,O,(,,,,,,,homologacion,
1,IQFI2110,202410,3,,(,,0.0,IAGI3422,Pregrado,6.0,,homologacion,IAGI3560
2,IQFI2110,202410,4,O,,A155,6.0,,,,),homologacion,IAGI3560
3,IQFI2110,202410,5,,,,,,,,),homologacion,
0,IAGI3410,202220,1,,(,,0.0,IAGI3422,Pregrado,6.0,,malla,
1,IAGI3410,202220,2,O,,A155,6.0,,,,),malla,
2,IAGI3410,202220,3,O,(,,0.0,,,,,homologacion,
3,IAGI3410,202220,4,,(,,0.0,MATZ0339,Pregrado,6.0,,homologacion,
4,IAGI3410,202220,5,O,,INCA,7.0,,,,),homologacion,
5,IAGI3410,202220,6,,,,0.0,,,,),homologacion,
6,IAGI3410,202220,7,O,(,,0.0,IFIP2110,Pregrado,6.0,,homologacion,
7,IAGI3410,202220,8,,,,0.0,,,,),homologacion,
0,IAGI3410,202220,9,O,(,,,,,,,homologacion,
1,IAGI3410,202220,10,,(,,0.0,IAGI3422,Pregrado,6.0,,homologacion,IAGI3560
2,IAGI3410,202220,11,O,,A155,6.0,,,,),homologacion,IAGI3560
3,IAGI3410,202220,12,,,,,,,,),homologacion,
0,IBIO3709,202620,1,,,,0.0,IBIO2415,Pregrado,6.0,,malla,
1,IBIO3709,202620,2,Y,(,,0.0,MATZ0346,Pregrado,6.0,,malla,
2,IBIO3709,202620,3,O,,FUMA,7.0,,,,,malla,
3,IBIO3709,202620,4,O,,A349,6.0,,,,),malla,
0,IBIO3709,202620,5,O,(,,,,,,,homologacion,
1,IBIO3709,202620,6,,(,,0.0,IAGI3422,Pregrado,6.0,,homologacion,IAGI3560
2,IBIO3709,202620,7,O,,A155,6.0,,,,),homologacion,IAGI3560
3,IBIO3709,202620,8,,,,,,,,),homologacion,
0,IBIO2306,202620,1,,,,0.0,IBIO2415,Pregrado,6.0,,malla,
1,IBIO2306,202620,2,Y,(,,0.0,MATZ0346,Pregrado,6.0,,malla,
2,IBIO2306,202620,3,O,,FUMA,7.0,,,,,malla,
3,IBIO2306,202620,4,O,,A349,6.0,,,,),malla,
0,IBIO2306,202620,5,O,(,,,,,,,homologacion,
1,IBIO2306,202620,6,,(,,0.0,IAGI3422,Pregrado,6.0,,homologacion,IAGI3560
2,IBIO2306,202620,7,O,,A155,6.0,,,,),homologacion,IAGI3560
3,IBIO2306,202620,8,,,,,,,,),homologacion,
0,IGAM2101,202610,1,,,,0.0,IGAM2100,Pregrado,6.0,,malla,
0,IGAM2101,202610,2,O,(,,,,,,,homologacion,
1,IGAM2101,202610,3,,(,,0.0,IAGI3422,Pregrado,6.0,,homologacion,IAGI3560
2,IGAM2101,202610,4,O,,A155,6.0,,,,),homologacion,IAGI3560
3,IGAM2101,202610,5,,,,,,,,),homologacion,
0,IGAM2010,202610,1,,(,,0.0,FISZ0121,Pregrado,6.0,,malla,
1,IGAM2010,202610,2,O,,FIGE,7.0,,,,),malla,
2,IGAM2010,202610,3,Y,(,,0.0,MATZ0342,Pregrado,6.0,,malla,
3,IGAM2010,202610,4,O,,CAIN,7.0,,,,),malla,
0,IGAM2010,202610,5,O,(,,,,,,,homologacion,
1,IGAM2010,202610,6,,(,,0.0,IAGI3422,Pregrado,6.0,,homologacion,IAGI3560
2,IGAM2010,202610,7,O,,A155,6.0,,,,),homologacion,IAGI3560
3,IGAM2010,202610,8,,,,,,,,),homologacion,
0,IAGI2541,202620,1,,,,0.0,IAGI3234,Pregrado,6.0,,malla,IAGI2541
0,IAGI3563,202620,1,,,,0.0,IAGI3234,Pregrado,6.0,,malla,IAGI3563
0,IAGI2339,202620,1,,,,0.0,IAGI3562,Pregrado,6.0,,malla,IAGI2339
0,ARQI0027,202620,1,,(,,0.0,ARQI0026,Pregrado,6.0,,malla,ARQI0027
1,ARQI0027,202620,2,O,,A414,6.0,,,,),malla,ARQI0027
2,ARQI0027,202620,3,Y,(,,0.0,ARQI0025,Pregrado,6.0,,malla,ARQI0027
3,ARQI0027,202620,6,O,,A415,6.0,,,,),malla,ARQI0027
4,ARQI0027,202620,7,Y,(,,0.0,ARQI0006,Pregrado,6.0,,malla,ARQI0027
5,ARQI0027,202620,8,O,,A309,6.0,,,,),malla,ARQI0027
0,ARQI0010,202420,1,,(,,,ARQI0005,,6.0,,malla,
1,ARQI0010,202420,2,O,,A415,6.0,,,,),malla,
2,ARQI0010,202420,3,Y,(,,,ARQI0006,,6.0,,malla,
3,ARQI0010,202420,4,O,,A309,6.0,,,,),malla,
0,ARQI0010,202420,5,O,(,,,,,,,homologacion,
1,ARQI0010,202420,6,,(,,0.0,ARQI0026,Pregrado,6.0,,homologacion,ARQI0027
2,ARQI0010,202420,7,O,,A414,6.0,,,,),homologacion,ARQI0027
3,ARQI0010,202420,8,Y,(,,0.0,ARQI0025,Pregrado,6.0,,homologacion,ARQI0027
4,ARQI0010,202420,9,O,,A415,6.0,,,,),homologacion,ARQI0027
5,ARQI0010,202420,10,Y,(,,0.0,ARQI0006,Pregrado,6.0,,homologacion,ARQI0027
6,ARQI0010,202420,11,O,,A309,6.0,,,,),homologacion,ARQI0027
7,ARQI0010,202420,12,,,,,,,,),homologacion,
0,AQTR4008,202420,1,,(,,0.0,AQTR3005,Pregrado,6.0,,malla,
1,AQTR4008,202420,2,O,,A237,6.0,,,,),malla,
0,AQTR4008,202420,3,O,(,,,,,,,homologacion,
1,AQTR4008,202420,4,,(,,0.0,ARQI0026,Pregrado,6.0,,homologacion,ARQI0027
2,AQTR4008,202420,5,O,,A414,6.0,,,,),homologacion,ARQI0027
3,AQTR4008,202420,6,Y,(,,0.0,ARQI0025,Pregrado,6.0,,homologacion,ARQI0027
4,AQTR4008,202420,7,O,,A415,6.0,,,,),homologacion,ARQI0027
5,AQTR4008,202420,8,Y,(,,0.0,ARQI0006,Pregrado,6.0,,homologacion,ARQI0027
6,AQTR4008,202420,9,O,,A309,6.0,,,,),homologacion,ARQI0027
7,AQTR4008,202420,10,,,,,,,,),homologacion,
0,DIPZ4913,202620,1,,,,0.0,DIPZ4912,Pregrado,6.0,,malla,DIPZ4913
1,DIPZ4913,202620,2,O,(,,0.0,ARQI0008,Pregrado,6.0,,malla,DIPZ4913
2,DIPZ4913,202620,3,Y,(,,0.0,ARQI0025,Pregrado,6.0,,malla,DIPZ4913
3,DIPZ4913,202620,6,O,,A415,6.0,,,,),malla,DIPZ4913
4,DIPZ4913,202620,7,Y,(,,0.0,ARQI0006,Pregrado,6.0,,malla,DIPZ4913
5,DIPZ4913,202620,8,O,,A309,6.0,,,,),malla,DIPZ4913
6,DIPZ4913,202620,9,,,,0.0,,,,),malla,DIPZ4913
0,DIPZ2209,202320,1,,,,,DIPZ2668,,6.0,,malla,
1,DIPZ2209,202320,2,O,,,,MEDI1110,,6.0,,homologacion,
2,DIPZ2209,202320,3,O,,,,DIPZ4912,,6.0,,homologacion,
3,DIPZ2209,202320,4,O,(,,,DIPZ4912,,6.0,,homologacion,
4,DIPZ2209,202320,5,O,(,,,ARQI0008,,6.0,,homologacion,
5,DIPZ2209,202320,6,Y,(,,,ARQI0005,,6.0,,homologacion,
6,DIPZ2209,202320,7,O,,A415,6.0,,,,),homologacion,
7,DIPZ2209,202320,8,Y,(,,,ARQI0006,,6.0,,homologacion,
8,DIPZ2209,202320,9,O,,A309,6.0,,,,),homologacion,
9,DIPZ2209,202320,10,,,,,,,,),homologacion,
10,DIPZ2209,202320,11,,,,,,,,),homologacion,
0,DIPZ2209,202320,12,O,(,,,,,,,homologacion,
1,DIPZ2209,202320,13,,,,0.0,DIPZ4912,Pregrado,6.0,,homologacion,DIPZ4913
2,DIPZ2209,202320,14,O,(,,0.0,ARQI0008,Pregrado,6.0,,homologacion,DIPZ4913
3,DIPZ2209,202320,15,Y,(,,0.0,ARQI0025,Pregrado,6.0,,homologacion,DIPZ4913
4,DIPZ2209,202320,16,O,,A415,6.0,,,,),homologacion,DIPZ4913
5,DIPZ2209,202320,17,Y,(,,0.0,ARQI0006,Pregrado,6.0,,homologacion,DIPZ4913
6,DIPZ2209,202320,18,O,,A309,6.0,,,,),homologacion,DIPZ4913
7,DIPZ2209,202320,19,,,,0.0,,,,),homologacion,DIPZ4913
8,DIPZ2209,202320,20,,,,,,,,),homologacion,
0,DIEZ3406,202620,1,,(,,,DIND2407,,6.0,,malla,
1,DIEZ3406,202620,2,Y,,,,DINT2306,,6.0,),malla,
2,DIEZ3406,202620,3,O,(,,,PRAI2310,,6.0,,homologacion,
3,DIEZ3406,202620,4,O,,,,TECN3310,,6.0,),homologacion,
4,DIEZ3406,202620,5,O,(,,,DIPZ4912,,6.0,,homologacion,
5,DIEZ3406,202620,6,O,(,,,ARQI0008,,6.0,,homologacion,
6,DIEZ3406,202620,7,Y,(,,,ARQI0005,,6.0,,homologacion,
7,DIEZ3406,202620,8,O,,A415,6.0,,,,),homologacion,
8,DIEZ3406,202620,9,Y,(,,,ARQI0006,,6.0,,homologacion,
9,DIEZ3406,202620,10,O,,A309,6.0,,,,),homologacion,
10,DIEZ3406,202620,11,,,,,,,,),homologacion,
11,DIEZ3406,202620,12,,,,,,,,),homologacion,
0,DIEZ3406,202620,13,O,(,,,,,,,homologacion,
1,DIEZ3406,202620,14,,,,0.0,DIPZ4912,Pregrado,6.0,,homologacion,DIPZ4913
2,DIEZ3406,202620,15,O,(,,0.0,ARQI0008,Pregrado,6.0,,homologacion,DIPZ4913
3,DIEZ3406,202620,16,Y,(,,0.0,ARQI0025,Pregrado,6.0,,homologacion,DIPZ4913
4,DIEZ3406,202620,17,O,,A415,6.0,,,,),homologacion,DIPZ4913
5,DIEZ3406,202620,18,Y,(,,0.0,ARQI0006,Pregrado,6.0,,homologacion,DIPZ4913
6,DIEZ3406,202620,19,O,,A309,6.0,,,,),homologacion,DIPZ4913
7,DIEZ3406,202620,20,,,,0.0,,,,),homologacion,DIPZ4913
8,DIEZ3406,202620,21,,,,,,,,),homologacion,
0,PRAI2310,202220,1,,,,0.0,TEXP2120,Pregrado,6.0,,malla,
1,PRAI2310,202220,2,Y,,,0.0,TEXP3050,Pregrado,6.0,,malla,
0,PRAI2310,202220,3,O,(,,,,,,,homologacion,
1,PRAI2310,202220,4,,,,0.0,DIPZ4912,Pregrado,6.0,,homologacion,DIPZ4913
2,PRAI2310,202220,5,O,(,,0.0,ARQI0008,Pregrado,6.0,,homologacion,DIPZ4913
3,PRAI2310,202220,6,Y,(,,0.0,ARQI0025,Pregrado,6.0,,homologacion,DIPZ4913
4,PRAI2310,202220,7,O,,A415,6.0,,,,),homologacion,DIPZ4913
5,PRAI2310,202220,8,Y,(,,0.0,ARQI0006,Pregrado,6.0,,homologacion,DIPZ4913
6,PRAI2310,202220,9,O,,A309,6.0,,,,),homologacion,DIPZ4913
7,PRAI2310,202220,10,,,,0.0,,,,),homologacion,DIPZ4913
8,PRAI2310,202220,11,,,,,,,,),homologacion,
0,DINC3606,202620,1,,,,0.0,ARQI0008,Pregrado,6.0,,malla,DINC3606
1,DINC3606,202620,2,Y,(,,0.0,ARQI0025,Pregrado,6.0,,malla,DINC3606
2,DINC3606,202620,5,O,,A415,6.0,,,,),malla,DINC3606
3,DINC3606,202620,6,Y,(,,0.0,ARQI0006,Pregrado,6.0,,malla,DINC3606
4,DINC3606,202620,7,O,,A309,6.0,,,,),malla,DINC3606
0,TECN3210,202220,1,,,,0.0,TECN1110,Pregrado,6.0,,malla,
0,TECN3210,202220,2,O,(,,,,,,,homologacion,
1,TECN3210,202220,3,,,,0.0,ARQI0008,Pregrado,6.0,,homologacion,DINC3606
2,TECN3210,202220,4,Y,(,,0.0,ARQI0025,Pregrado,6.0,,homologacion,DINC3606
3,TECN3210,202220,5,O,,A415,6.0,,,,),homologacion,DINC3606
4,TECN3210,202220,6,Y,(,,0.0,ARQI0006,Pregrado,6.0,,homologacion,DINC3606
5,TECN3210,202220,7,O,,A309,6.0,,,,),homologacion,DINC3606
6,TECN3210,202220,8,,,,,,,,),homologacion,
0,ARQI0011,202620,1,,,,0.0,ARQI0008,Pregrado,6.0,,malla,ARQI0011
1,ARQI0011,202620,2,Y,(,,0.0,ARQI0006,Pregrado,6.0,,malla,ARQI0011
2,ARQI0011,202620,3,O,,A309,6.0,,,,),malla,ARQI0011
3,ARQI0011,202620,4,Y,(,,0.0,ARQI0025,Pregrado,6.0,,malla,ARQI0011
4,ARQI0011,202620,7,O,,A415,6.0,,,,),malla,ARQI0011
0,DINT2403,202620,1,,(,,,DINT2303,,6.0,,malla,
1,DINT2403,202620,2,Y,,,,DINT2306,,6.0,),malla,
2,DINT2403,202620,3,O,(,,,PRAI1020,,6.0,,homologacion,
3,DINT2403,202620,4,Y,,,,TEXP2030,,6.0,),homologacion,
4,DINT2403,202620,5,O,(,,,ARQI0008,,6.0,,homologacion,
5,DINT2403,202620,6,Y,(,,,ARQI0006,,6.0,,homologacion,
6,DINT2403,202620,7,O,,A309,6.0,,,,),homologacion,
7,DINT2403,202620,8,Y,(,,,ARQI0005,,6.0,,homologacion,
8,DINT2403,202620,9,O,,A415,6.0,,,,),homologacion,
9,DINT2403,202620,10,,,,,,,,),homologacion,
0,DINT2403,202620,11,O,(,,,,,,,homologacion,
1,DINT2403,202620,12,,,,0.0,ARQI0008,Pregrado,6.0,,homologacion,ARQI0011
2,DINT2403,202620,13,Y,(,,0.0,ARQI0006,Pregrado,6.0,,homologacion,ARQI0011
3,DINT2403,202620,14,O,,A309,6.0,,,,),homologacion,ARQI0011
4,DINT2403,202620,15,Y,(,,0.0,ARQI0025,Pregrado,6.0,,homologacion,ARQI0011
5,DINT2403,202620,16,O,,A415,6.0,,,,),homologacion,ARQI0011
6,DINT2403,202620,17,,,,,,,,),homologacion,
0,PRAI2040,202220,1,,,,0.0,PRAI1030,Pregrado,6.0,,malla,
1,PRAI2040,202220,2,Y,,,0.0,TEXP3050,Pregrado,6.0,,malla,
2,PRAI2040,202220,3,Y,,,0.0,TEXP1210,Pregrado,6.0,,malla,
0,PRAI2040,202220,4,O,(,,,,,,,homologacion,
1,PRAI2040,202220,5,,,,0.0,ARQI0008,Pregrado,6.0,,homologacion,ARQI0011
2,PRAI2040,202220,6,Y,(,,0.0,ARQI0006,Pregrado,6.0,,homologacion,ARQI0011
3,PRAI2040,202220,7,O,,A309,6.0,,,,),homologacion,ARQI0011
4,PRAI2040,202220,8,Y,(,,0.0,ARQI0025,Pregrado,6.0,,homologacion,ARQI0011
5,PRAI2040,202220,9,O,,A415,6.0,,,,),homologacion,ARQI0011
6,PRAI2040,202220,10,,,,,,,,),homologacion,
0,ARQI0007,202620,1,,(,,0.0,ARQI0025,Pregrado,6.0,,malla,ARQI0007
1,ARQI0007,202620,4,O,,A415,6.0,,,,),malla,ARQI0007
2,ARQI0007,202620,5,Y,,,0.0,ARQI0008,Pregrado,6.0,,malla,ARQI0007
3,ARQI0007,202620,6,Y,(,,0.0,ARQI0006,Pregrado,6.0,,malla,ARQI0007
4,ARQI0007,202620,7,O,,A309,6.0,,,,),malla,ARQI0007
0,PRAI2510,202220,1,,,,0.0,PRAI1030,Pregrado,6.0,,malla,
1,PRAI2510,202220,2,Y,,,0.0,TEXP1210,Pregrado,6.0,,malla,
2,PRAI2510,202220,3,Y,,,0.0,TECN2410,Pregrado,6.0,,malla,
0,PRAI2510,202220,4,O,(,,,,,,,homologacion,
1,PRAI2510,202220,5,,(,,0.0,ARQI0025,Pregrado,6.0,,homologacion,ARQI0007
2,PRAI2510,202220,6,O,,A415,6.0,,,,),homologacion,ARQI0007
3,PRAI2510,202220,7,Y,,,0.0,ARQI0008,Pregrado,6.0,,homologacion,ARQI0007
4,PRAI2510,202220,8,Y,(,,0.0,ARQI0006,Pregrado,6.0,,homologacion,ARQI0007
5,PRAI2510,202220,9,O,,A309,6.0,,,,),homologacion,ARQI0007
6,PRAI2510,202220,10,,,,,,,,),homologacion,
0,ARQI0028,202620,1,,(,,0.0,ARQI0027,Pregrado,6.0,,malla,ARQI0028
1,ARQI0028,202620,3,O,,A449,6.0,,,,),malla,ARQI0028
2,ARQI0028,202620,4,Y,,,0.0,ARQI0011,Pregrado,6.0,,malla,ARQI0028
0,DINC3715,202620,1,,(,,,DIDZ4308,,6.0,,malla,
1,DINC3715,202620,2,O,,A258,6.0,,,,),malla,
2,DINC3715,202620,3,O,(,,,,,,,homologacion,
3,DINC3715,202620,4,,(,,,ARQI0005,,6.0,,homologacion,
4,DINC3715,202620,5,O,,A415,6.0,,,,),homologacion,
5,DINC3715,202620,6,Y,(,,,ARQI0006,,6.0,,homologacion,
6,DINC3715,202620,7,O,,A309,6.0,,,,),homologacion,
7,DINC3715,202620,8,,,,,,,,),homologacion,
0,DINC3715,202620,9,O,(,,,,,,,homologacion,
1,DINC3715,202620,10,,(,,0.0,ARQI0027,Pregrado,6.0,,homologacion,ARQI0028
2,DINC3715,202620,11,O,,A449,6.0,,,,),homologacion,ARQI0028
3,DINC3715,202620,12,Y,,,0.0,ARQI0011,Pregrado,6.0,,homologacion,ARQI0028
4,DINC3715,202620,13,,,,,,,,),homologacion,
0,AQTR3005,202420,1,,,,0.0,AQTR2004,Pregrado,6.0,,malla,
0,AQTR3005,202420,2,O,(,,,,,,,homologacion,
1,AQTR3005,202420,3,,(,,0.0,ARQI0027,Pregrado,6.0,,homologacion,ARQI0028
2,AQTR3005,202420,4,O,,A449,6.0,,,,),homologacion,ARQI0028
3,AQTR3005,202420,5,Y,,,0.0,ARQI0011,Pregrado,6.0,,homologacion,ARQI0028
4,AQTR3005,202420,6,,,,,,,,),homologacion,
0,ARQI0016,202620,1,,,,0.0,ARQI0011,Pregrado,6.0,,malla,ARQI0016
1,ARQI0016,202620,2,Y,,,0.0,ARQI0009,Pregrado,6.0,,malla,ARQI0016
2,ARQI0016,202620,3,Y,(,,0.0,ARQI0027,Pregrado,6.0,,malla,ARQI0016
3,ARQI0016,202620,5,O,,A449,6.0,,,,),malla,ARQI0016
0,DINT3503,202620,1,,,,,DINT2403,,6.0,,malla,
1,DINT3503,202620,2,O,(,,,PRAI1030,,6.0,,homologacion,
2,DINT3503,202620,3,Y,,,,TEXP3050,,6.0,,homologacion,
3,DINT3503,202620,4,Y,,,,TEXP1210,,6.0,),homologacion,
4,DINT3503,202620,5,O,(,,,ARQI0011,,6.0,,homologacion,
5,DINT3503,202620,6,Y,,,,ARQI0009,,6.0,,homologacion,
6,DINT3503,202620,7,Y,(,,,ARQI0010,,6.0,,homologacion,
7,DINT3503,202620,8,O,,A416,6.0,,,,),homologacion,
8,DINT3503,202620,9,,,,,,,,),homologacion,
0,DINT3503,202620,10,O,(,,,,,,,homologacion,
1,DINT3503,202620,11,,,,0.0,ARQI0011,Pregrado,6.0,,homologacion,ARQI0016
2,DINT3503,202620,12,Y,,,0.0,ARQI0009,Pregrado,6.0,,homologacion,ARQI0016
3,DINT3503,202620,13,Y,(,,0.0,ARQI0027,Pregrado,6.0,,homologacion,ARQI0016
4,DINT3503,202620,14,O,,A449,6.0,,,,),homologacion,ARQI0016
5,DINT3503,202620,15,,,,,,,,),homologacion,
0,PRAI2050,202220,1,,,,0.0,PRAI2040,Pregrado,6.0,,malla,
1,PRAI2050,202220,2,Y,,,0.0,TECN3310,Pregrado,6.0,,malla,
0,PRAI2050,202220,3,O,(,,,,,,,homologacion,
1,PRAI2050,202220,4,,,,0.0,ARQI0011,Pregrado,6.0,,homologacion,ARQI0016
2,PRAI2050,202220,5,Y,,,0.0,ARQI0009,Pregrado,6.0,,homologacion,ARQI0016
3,PRAI2050,202220,6,Y,(,,0.0,ARQI0027,Pregrado,6.0,,homologacion,ARQI0016
4,PRAI2050,202220,7,O,,A449,6.0,,,,),homologacion,ARQI0016
5,PRAI2050,202220,8,,,,,,,,),homologacion,
0,ARQI0022,202620,1,,,,0.0,DIIN0006,Pregrado,6.0,,malla,ARQI0022
1,ARQI0022,202620,2,O,,,0.0,ARQI0028,Pregrado,6.0,,malla,ARQI0022
2,ARQI0022,202620,5,O,,A448,6.0,,,,,malla,ARQI0022
0,ARQI0020,202620,1,,,,0.0,ARQI0016,Pregrado,6.0,,malla,ARQI0020
1,ARQI0020,202620,2,Y,,,0.0,ARQI0012,Pregrado,6.0,,malla,ARQI0020
2,ARQI0020,202620,3,Y,(,,0.0,ARQI0028,Pregrado,6.0,,malla,ARQI0020
3,ARQI0020,202620,5,O,,A448,6.0,,,,),malla,ARQI0020
0,DIPZ4924,202620,1,,,,0.0,PMCZ4462,Pregrado,6.0,,malla,DIPZ4924
1,DIPZ4924,202620,2,O,(,,0.0,DIIN0008,Pregrado,6.0,,malla,DIPZ4924
2,DIPZ4924,202620,3,O,,A390,6.0,,,,),malla,DIPZ4924
3,DIPZ4924,202620,4,O,(,,0.0,ARQI0028,Pregrado,6.0,,malla,DIPZ4924
4,DIPZ4924,202620,6,O,,A448,6.0,,,,),malla,DIPZ4924
0,DINZ4111,202620,1,,(,,0.0,DINC3715,Pregrado,6.0,,malla,DINZ4111
1,DINZ4111,202620,2,O,,A259,6.0,,,,),malla,DINZ4111
2,DINZ4111,202620,3,Y,(,,0.0,DINT4703,Pregrado,6.0,,malla,DINZ4111
3,DINZ4111,202620,4,O,,,0.0,ARQI0023,Pregrado,6.0,),malla,DINZ4111
4,DINZ4111,202620,5,Y,(,,0.0,DINC4709,Pregrado,6.0,,malla,DINZ4111
5,DINZ4111,202620,7,Y,,,0.0,DINT4812,Pregrado,6.0,,malla,DINZ4111
6,DINZ4111,202620,8,Y,,,0.0,DITZ4418,Pregrado,6.0,,malla,DINZ4111
